HIP,中文星名,英文星名
43,王良增九,
124,王良增十,
145,壘壁陣十,
154,壘壁陣十二,
171,壁宿增五,
186,土公增一,
194,土公一,
301,八魁二,
330,王良增三,
355,八魁四,
443,壘壁陣十一,
476,壁宿增十,
531,王良增二,
635,壘壁陣增六,
664,壘壁陣增七,
677,壁宿二,Alpheratz
729,壁宿增十八,
746,王良一,Caph
765,火鳥四,
813,土公增二,
841,螣蛇增十一/螣蛇增十九,
910,八魁一,
1067,壁宿一,Algenib
1086,天廄增一,
1168,壁宿增十九,
1170,八魁六,
1196,土公增三,
1319,土公增四,
1340,壁宿增十一,
1354,王良增十一,
1366,天廄一,
1427,壁宿增十七,
1473,天廄三,
1499,天倉增十九,
1562,天倉一,
1595,壁宿增十六,
1599,鳥喙六,
1645,土公增五,
1686,天廄二,
1772,壁宿增十二,
1803,八魁五,
1948,壁宿增十三,
1960,王良增四,
1982,王良增十二,
2006,土公增七,
2021,蛇尾一,
2025,土公二,
2072,火鳥五,
2081,火鳥六,Ankaa
2100,土公增八,
2213,壁宿增廿一,
2219,壁宿增廿,
2224,壁宿增十五,
2343,土公增九,
2353,天溷增一,
2355,奎宿增一,
2415,壁宿增十四,
2472,火鳥八,
2474,傳舍增一,
2484,鳥喙四,
2505,王良五,
2548,土公增六,
2568,壁宿增廿二▂/壁宿增廿三,
2599,王良二,
2707,傳舍二,
2762,天溷增二,
2787,土公增十,
2854,王良增十三,
2912,奎宿六,
2920,附路,
2994,土公增十一,
3031,奎宿四,
3092,奎宿五,
3093,奎宿增三,
3138,奎宿增二,
3179,王良四,Shedir
3231,奎宿增廿二,
3245,火鳥七,
3300,閣道增二,
3330,鳥喙五,
3333,奎宿增廿一★,
3405,水委三,
3414,閣道增一,
3419,土司空,Diphda
3455,天溷四,
3504,閣道六,
3559,天溷三,
3572,少丞增一,
3685,奎宿增四,
3693,奎宿二,
3697,外屏增九,
3721,紫微左垣八 少丞,
3760,外屏增八,
3786,外屏一,
3801,閣道五,
3810,奎宿增五,
3821,王良三,
3829,,Van Maanen 2
3881,奎宿七,
3885,奎宿三,
3909,天溷增六,
4147,天溷增三,
4151,王良增十四,
4257,天溷一,
4267,奎宿增六,
4288,奎宿增九,
4366,奎宿增十,
4371,天溷二,
4422,王良增五,
4427,策,
4436,奎宿八,
4463,奎宿一,
4510,奎宿增十一,
4587,天溷增五,
4714,傳舍三▅,
4832,外屏增七,
4889,奎宿增十五,
4903,奎宿增廿,
4906,外屏二,
4914,天溷增四,
4979,外屏增十,
5074,外屏增六,
5081,外屏增一,
5121,天倉增十四,
5131,奎宿十六,
5141,外屏增五,
5164,天倉增十三,
5165,火鳥九,
5175,奎宿十,
5204,外屏增二,
5296,天倉增十二,
5310,奎宿增八,
5315,外屏增十一,
5317,奎宿增十九,
5319,奎宿增十四,
5346,外屏增四,
5348,水委二,
5364,天倉二,
5372,勾陳五,
5434,軍南門,
5447,奎宿九,Mirach
5454,奎宿增七,
5485,天倉增十一,
5493,奎宿增十八,
5510,外屏增十二,
5518,華蓋四,
5542,閣道四,
5544,奎宿增十三,
5550,奎宿增十六,
5571,奎宿十五,
5586,奎宿十一,
5589,傳舍四,
5594,天倉增四,
5626,五帝內座增二,
5646,外屏增十三,
5666,天倉增十,
5737,外屏三,
5742,奎宿十四,
5799,天倉增九,
5824,外屏增三,
5833,天倉增三,
5926,華蓋三,
5947,五帝內座增三,
5951,天倉增六,
5985,天倉增五,
6048,天倉增八,
6061,外屏增十四,
6193,奎宿十三/奎宿增廿三▂,
6226,天倉增二,
6242,閣道增三,
6315,奎宿十二,
6411,天大將軍增一/天大將軍增二,Adhil
6429,天倉增一,
6451,右更增五,
6514,奎宿增十七,
6537,天倉三,
6539,天倉增七,
6670,天倉增十五,
6686,閣道三,Ruchbah
6692,華蓋五,
6706,右更一,
6732,右更增一,
6748,天倉增十六,
6813,天大將軍增三,
6867,火鳥十,
6960,鈇鑕一,
6999,天大將軍四,
7007,外屏四,
7078,杠九,
7083,天園一,
7097,右更二,
7294,閣道增四,
7345,天倉增十八,
7364,右更增四,
7436,右更增二,
7450,天倉增十七,
7513,天大將軍六,
7535,右更三,
7547,鈇鑕二*,
7588,水委一,Achernar
7607,天大將軍三,
7650,華蓋二,
7710,右更五,
7719,天大將軍五,
7818,天大將軍七/天大將軍增四▅,
7861,婁宿增四*,
7884,外屏五,
7890,華蓋一*,
7948,奎宿增十二,
7965,華蓋六,
7981,婁宿增三,
7999,天倉增廿,
8016,杠八,
8046,閣道增五,
8068,天大將軍二,
8102,天倉五,
8121,鈇鑕三*,
8198,右更四,
8271,婁宿增二,
8497,天倉增廿一,
8588,右更增三,
8645,天倉四,Baten Kaitos
8704,大陵增四,
8714,天大將軍增十六,
8796,婁宿增六,Mothallah
8814,天大將軍增十一,
8832,婁宿二,Mesarthim
8833,外屏六,
8846,勾陳增三*,
8886,閣道二,
8903,婁宿一,Sheratan
8928,蛇腹四,
9007,天園二,
9009,華蓋七,
9021,天大將軍八,
9061,鈇鑕五,
9110,婁宿增一,
9153,婁宿增五,
9165,天囷增二,
9222,天大將軍增十五,
9236,蛇首一,
9326,天倉六,
9347,鈇鑕四,
9353,外屏增十五,
9480,杠七,
9487,外屏七,Alrescha
9505,大陵增五,
9570,天大將軍增五,
9589,天囷增四,
9598,杠五,
9621,婁宿增七,
9631,天囷增三,
9640,天大將軍一,Almaak
9727,五帝內座二/五帝內座增一,
9763,杠三,
9802,杠四,
9836,婁宿增十一,
9859,婁宿增八,
9884,婁宿三,Hamal
9888,天庾增一*,
9977,天大將軍增九,
10031,杠六,
10033,天囷增一,
10053,婁宿增九,
10064,天大將軍九,
10093,天庾一*,
10155,婁宿增十四,
10176,天大將軍增十,
10212,天囷增六,
10215,芻槁增一,
10227,大陵增三,
10234,天囷十二,
10280,天大將軍增六,
10305,天囷十三,
10306,婁宿增十二,
10324,天囷五,
10328,婁宿增十五,
10340,天大將軍增十二,
10366,大陵增六,
10438,傳舍五,
10540,婁宿增十,
10559,天大將軍增七,
10602,天園三,
10642,芻槁三,
10644,天大將軍十一,
10670,天大將軍十,
10718,大陵增二,
10729,大陵增一,
10732,婁宿增十三,
10793,胃宿增一,
10819,天大將軍增十三,
10826,芻槁增二,Mira
10830,天大將軍增十四,
10944,大陵增七,
11001,蛇腹三,
11021,天囷增五,
11029,芻槁五,
11046,天囷十一,
11060,大陵一,
11220,大陵增八,
11249,天囷增七,
11261,芻槁四,
11287,天苑增七,
11313,大陵增九,
11345,芻槁一,
11407,天園四,
11465,大陵增十,
11484,天囷六,
11486,胃宿增二,
11569,閣道一,
11678,左更增一,
11767,勾陳一 北極星,Polaris
11783,天苑增九,
11784,天大將軍增八/天大將軍增十七▂,
11791,天囷十,
11821,天庾二*,
12002,芻槁二,
12048,芻槁增三,
12093,天囷七,
12107,芻槁增五,
12153,天囷增八,
12247,芻槁增四,
12273,杠增一,
12332,左更一,
12387,天囷九,
12390,芻槁六,
12394,蛇腹二,
12413,天園五,
12486,天園增一,
12489,胃宿增五,
12530,天囷增廿,
12623,大陵八,
12640,左更二,
12647,天囷增九,
12706,天囷八,
12719,胃宿一,
12741,天庾增二*,
12762,天庾增三*,
12768,大陵增十四,
12770,天苑七,
12777,大陵增十三,
12786,天庾三*,
12803,左更三,
12828,天囷四,
12843,天苑八/天苑增八,
12876,蛇腹一,
13055,五帝內座三,
13061,胃宿二,
13108,左更增二,
13165,左更五,
13209,胃宿三,
13238,大陵增十二*,
13244,附白二,
13254,大陵七,
13268,天船一,
13288,天苑九,
13327,左更四,
13328,大陵增十六,
13448,左更增八,
13490,大陵增十五,
13531,大陵二/大陵增十一,
13579,左更增三,
13654,左更增五,
13665,傳舍六,
13701,天苑六,Azha
13702,左更增四,
13775,胃宿增三,
13782,天苑增六,
13834,左更增六,
13835,天苑增五,
13847,天園六,Acamar
13879,積屍,
13914,左更增七,
13951,天囷增十九,
13954,天囷三,
14022,天園增二*,
14040,天囷增十八,
14060,天苑增十,
14066,大陵增十七,
14135,天囷一,Menkar
14143,天囷增十,
14146,天苑十,
14168,天苑增十一,
14293,天苑增十二,
14328,天船二,
14354,大陵六,
14376,胃宿增四,
14417,五帝內座一,
14576,大陵五,Algol
14586,天陰增一,
14632,大陵三,
14649,天陰增五,
14668,大陵四,
14817,大陵增十八/大陵增廿一▅,
14838,天陰四/天陰增六,Botein
14862,杠二,
14879,天苑增三/天苑增四/天苑增十七,
14954,天囷增十七,
15110,天陰二,
15197,天苑五,Zibal
15244,天苑增十三,
15338,大陵增廿,
15382,天苑增二,
15383,天囷增十六,
15404,天船增一,
15444,天船增二,
15457,天囷增十一,
15474,天苑十一,
15510,天園增三,
15520,紫微右垣七 上丞,
15547,五帝內座四,
15619,天囷二,
15648,大陵增十九,
15696,天阿,
15737,天陰三,
15861,天陰增二,
15863,天船三,Mirphak
15900,天廩四,
16083,天廩三,
16228,傳舍七,
16244,天船增三,
16281,傳舍八,
16292,傳舍九,
16322,天廩二/天廩增三,
16335,天船增四,
16341,天苑增十四,
16369,天廩一,
16428,天陰五*,
16499,天船增五,
16511,天廩增一,
16537,天苑四,
16611,天苑十二,
16664,昴宿增二,
16677,天苑增十八,
16707,天陰一*,
16713,卷舌增一,
16803,天苑增一,
16826,天船四,
16846,天囷增廿一,
16852,天囷增十五,
16859,昴宿增三,
16870,天園增四,
17027,天苑增十五,
17103,天囷增十二,
17167,天苑增十六,
17181,昴宿增一,
17309,天陰增三,
17313,卷舌六,
17351,天園七,
17358,天船五,
17378,天苑三,
17408,天陰增四,
17440,蛇首二,
17448,卷舌五▅/卷舌增七,Atik
17457,天囷增十四,
17489,昴宿增九,Celaeno
17499,昴宿一,Electra
17506,天囷增十三,
17527,昴宿增八,
17529,卷舌一,
17531,昴宿二,Taygeta
17563,天廩增二,
17572,昴宿增四*,
17573,昴宿四,Maia
17579,昴宿三,Asterope
17587,上丞增二,
17593,天苑二,
17608,昴宿五,Merope
17651,天苑十三,
17678,附白一,
17702,昴宿六,Alcyone
17704,昴宿增十▂,
17717,天苑十四,
17771,畢宿增一,
17797,天園八,
17832,昴宿增十一,
17847,昴宿七,Atlas
17851,昴宿增十二,Pleione
17874,天園九,
17884,上丞增一,
17886,天讒,
17900,昴宿增十三,
17959,杠一,
18089,畢宿增二,
18122,九州殊口增三,
18141,九州殊口增四/九州殊口增五▂,
18213,天園增五,
18216,天苑十五,
18246,卷舌四,
18255,九州殊口增二,
18453,積水增一,
18471,昴宿增五,
18488,傳舍增二,
18505,上丞增三,
18532,卷舌二,
18543,天苑一,Zaurak
18614,卷舌三,Menkib
18673,天苑十六,
18724,畢宿八,
18788,九州殊口增一,
18907,畢宿增三,
18957,畢宿增四,
19018,傳舍增四,
19038,月,
19076,月增一,
19167,積水,
19205,礪石一,
19302,卷舌增四,
19335,卷舌增五,
19343,天船六,
19388,天街增一,
19461,五帝內座五,
19483,九州殊口增六,
19513,礪石二,
19554,畢宿增五,
19587,九州殊口二,Beid
19719,畢宿增六/畢宿增十四▂,
19740,畢宿增八,
19747,天園增六,
19777,九州殊口一,
19780,夾白二,
19811,卷舌增六,
19812,天船七,
19849,九州殊口增七/九州殊口增十一,Keid
19860,畢宿增七,
19877,畢宿增九,
19893,金魚一,
19949,天船九,
19968,傳舍增三,
19990,天街二,
20042,天園十,
20070,天船增十,
20156,天船八,
20205,畢宿四,
20219,天節三,
20250,礪石四,
20252,卷舌增三,
20261,畢宿增十,
20266,少衛增一,
20354,天船增六,
20430,礪石三,
20455,畢宿三,
20484,畢宿增十一,
20507,九州殊口三,
20522,天節八,
20535,天園十一,
20542,畢宿增十二,
20579,卷舌增二,
20635,天街增二,
20641,天街一,
20648,畢宿二,
20711,天街增三,
20713,畢宿七,
20732,天節一,
20789,天街增四,
20884,九斿增一,
20885,畢宿六,
20889,畢宿一,Ain
20894,畢宿增十三,
20901,天節四,
21029,畢宿增十五,
21053,畢宿增十六,
21137,畢宿增十七,
21139,九斿增二,
21148,天船增九,
21238,五車增十九,
21242,五車增二,
21248,天園十三,
21257,畢宿增十八,
21273,天節二,
21278,九州殊口增九,
21281,金魚二,
21296,九州殊口增八,
21393,天園十二,
21402,天節七,
21421,畢宿五,Aldebaran
21444,九州殊口四,
21476,五車增三,
21515,九斿一,
21547,九州殊口增十,
21588,附耳增二/附耳增三,
21589,天節五,
21594,九斿增四,
21673,附耳增一,
21683,附耳/附耳增四,
21685,九斿增六,
21727,天船增七,
21730,天船增八,
21735,天節六,
21763,九斿八,
21881,諸王六,
21928,五車增一,
21961,諸王增一,
21986,九州殊口六,
22024,九州殊口五,
22109,九斿二,
22263,九斿七,
22287,八穀增一,
22325,九斿增五,
22441,參旗增一,
22449,參旗六,
22453,五車增七,
22479,九斿六,
22509,參旗五,
22549,參旗七,
22565,天高二,
22667,參旗一,
22678,五車增八,
22701,九斿三,
22730,參旗增十一,
22783,紫微右垣六 少衛,
22797,參旗八/參旗增十二,
22833,參旗三,
22845,參旗四,
22854,八穀增三,
22957,參旗二,
22958,九斿增三,
22994,八穀增二,
23015,五車一,
23040,八穀五,
23043,參旗增二,
23068,諸王五,
23088,諸王增二,
23123,參旗九,
23179,五車增六,
23214,參旗增三,
23221,九斿四,
23231,九斿五,
23261,五車增五,
23265,六甲五,
23268,五車增四,
23364,玉井二,
23416,柱一,
23453,柱二,
23474,九斿九,
23497,天高一,
23522,八穀增十四,
23554,九斿增七,
23607,參旗增四,
23685,屏二,
23734,八穀七,
23743,八穀增十三,
23767,柱三,
23783,八穀六▅/八穀增四,
23794,玉井增一,
23802,玉井增三,
23835,天高增一,
23852,參旗增八/參旗增九,
23871,天高增二,
23875,玉井三,Cursa
23879,參旗增十,
23883,天高增三,
23900,諸王四,
23941,玉井增二,
23949,天高三,
23972,玉井一,
23983,參旗增七,
24010,參旗增五,
24169,軍井增二,
24186,,Kapteyn's Star
24244,軍井一,
24254,六甲增一,
24305,屏一,
24327,軍井二,
24331,參宿增九,
24340,天潢五,
24348,八穀四,
24372,夾白一,
24436,參宿七,Rigel
24504,天潢三,
24555,參旗增六,
24608,五車二,Capella
24674,玉井四▅/參宿增卅八,
24727,天潢增一,
24740,天潢增二,
24748,五車增十八▅,
24813,鹹池三,
24817,參宿增八,
24822,天高四,
24836,八穀增十二,
24845,軍井三,
24873,軍井四,
24879,天潢一,
25028,參宿增卅九,
25044,參宿增五,
25048,鹹池一,
25110,六甲六,
25142,參宿增十,
25197,八穀增十一,
25202,軍井增一,
25247,參宿增卅七,
25281,參宿增三,
25282,參宿增四,
25292,天潢四,
25302,參宿增六▂/參宿增七,
25336,參宿五,Bellatrix
25410,天關增一,
25428,五車五,Alnath
25473,參宿增十一,
25539,天高增四,
25541,天潢二,
25606,廁二,Nihal
25695,諸王三,
25737,參宿增二,
25810,鹹池二,
25813,參宿增十三,
25853,廁增一,
25859,丈人二,
25861,參宿增十二,
25923,參宿增卅六,
25930,參宿三,Mintaka
25973,八穀增十,
25984,柱七,
25985,廁一,Arneb
26069,金魚三,
26126,參宿增十四,
26176,觜宿二,
26207,觜宿一,Meissa
26224,伐增二,
26235,伐二,
26237,伐一,
26241,伐三,
26248,諸王增三,
26268,伐增一,
26311,參宿二,Alnilam
26366,觜宿三,
26408,八穀增十五,
26451,天關,
26536,柱八,
26549,參宿增一,
26563,參宿增卅五,
26594,參宿增十五,
26634,丈人一,Phact
26640,諸王二,
26658,柱九*,
26700,八穀增十六,
26727,參宿一,Alnitak
26777,天關增二,
26865,廁增二/廁增八▂,
26885,參宿增十六,
26925,天關增六,
26942,八穀增九,
27046,八穀增十七,
27072,廁三,
27100,金魚四,
27106,天關增三,
27196,五車增十七,
27204,屎,
27249,八穀三,
27265,天關增四,
27283,八穀增八,
27288,廁增七,
27316,水府增二,
27321,老人增四,
27338,天關增五,
27364,水府增一,
27366,參宿六,Saiph
27386,參宿增十七,
27468,諸王增四,
27483,柱六,
27581,水府增三,
27592,八穀增七,
27628,子二,Wazn
27639,柱四,
27654,廁四,
27658,參宿增卅四,
27673,柱五,
27731,八穀增十八,
27743,水府增四/水府增五,
27750,參宿增廿二,
27810,子一,
27830,諸王一,
27913,司怪四,
27949,八穀二▂/八穀增六,
27965,司怪增三,
27971,八穀八,
27989,參宿四,Betelgeuse
28103,廁增六,
28199,子增一,
28237,司怪一,
28271,參宿增廿一,
28321,參宿增卅三,
28325,參宿增卅二,
28328,老人增三,
28358,八穀一,
28360,五車三,Menkalinan
28380,五車四,
28385,八穀增五,
28404,五車增十六,
28413,參宿增廿三,
28455,司怪增一,
28499,五車增十五,
28561,司怪增二,
28574,參宿增卅一,
28614,參宿增十八,
28677,五車增十,
28691,司怪增四,
28716,司怪三,
28734,司怪二,
28812,參宿增十九,
28814,參宿增廿,
28816,廁增四,
28823,五車增十一,
28910,廁增五,
28946,五車增九,
29034,孫二,
29038,水府一,
29048,廁增三,
29118,參宿增卅,
29134,金魚五,
29246,八穀增十九,
29388,五車增十四,
29426,水府二,
29433,司怪增五,
29434,水府四,
29490,上衛增一,
29650,司怪增六,
29651,參宿增廿八,
29655,鉞,Propus
29696,井宿增一,
29704,水府三,
29730,八穀增廿,
29736,水府增六,
29800,水府增七,
29807,孫一,
29840,鉞增一,
29850,水府增八,
29884,五車增十三,
29885,參宿增廿九,
29919,八穀增廿一,
29949,五車增十二,
29997,上衛增二,
30060,八穀增廿六,
30073,參宿增廿七,
30089,,Red Rectangle
30122,孫增一,Furud
30247,八穀增卅四,
30272,八穀增廿五,
30277,孫增三/孫增四,
30278,八穀增廿二,
30324,軍市一,Mirzam
30343,井宿一,Tejat
30419,四瀆四,
30438,老人,Canopus
30473,四瀆增四*,
30520,座旗增一,
30679,八穀增廿七,
30700,參宿增廿四,
30717,四瀆增五,
30720,四瀆增六,
30772,參宿增廿五,
30788,孫增二,
30827,井宿增二,
30867,參宿增廿六,
30883,井宿二,
30972,座旗增二,
31039,八穀增廿八,
31125,軍市六,
31149,四瀆增七,
31159,四瀆增三,
31216,四瀆三,
31385,四瀆增八,
31404,井宿增九,
31416,軍市增二,
31434,井宿增六,
31525,井宿增八,
31526,八穀增卅三,
31564,軍市增一,
31592,野雞,
31665,八穀增卅二,
31676,八穀增廿三,
31681,井宿三,Alhena
31685,老人增二,
31700,軍市二,
31737,井宿增三,
31763,八穀增廿四,
31771,座旗八,
31789,座旗七,
31832,座旗五,
31852,井宿增五,
31978,四瀆增一,
32104,井宿增七,
32173,座旗三,
32246,井宿五,Mebsuta
32249,井宿增十/井宿增十八▂,
32292,弧矢增一,
32311,井宿增四,
32349,天狼,Sirius
32362,井宿四/井宿增十九▂,
32404,井宿增十一,
32439,六甲一,
32463,四瀆增二,
32480,座旗四,
32489,八穀增卅一,
32492,天狼增一,
32504,軍市增三,
32533,四瀆二,
32562,座旗一,
32578,闕丘一,
32607,金魚增一,
32759,弧矢八,
32768,老人增一,
32814,井宿增十二,
32844,座旗六,
32864,上衛增三,
32921,井宿六,
33018,五諸侯一,
33041,座旗九,
33048,八穀增廿九,
33064,座旗增三,
33092,軍市三,
33104,紫微右垣五 上衛,
33133,座旗增四,
33152,軍市五,
33160,天狼增二/天狼增六,
33202,井宿增十三,
33248,軍市四,
33277,天樽增一,
33302,軍市增四/軍市增六▂/軍市增七▂,
33345,天狼增三,
33347,天狼增五,
33449,八穀增卅,
33485,座旗二,
33579,弧矢七,Adhara
33614,座旗增五,
33650,天樽增二,
33694,六甲二,
33715,井宿增十四,
33856,弧矢增二,
33927,天樽三,
33971,闕丘增四,
33977,軍市增五,
34033,四瀆一,
34045,天狼增四,Muliphein
34088,井宿七,Mekbuda
34182,天樽增六,
34360,弧矢增廿五,
34440,井宿增十五,
34444,弧矢一,Wezen
34481,飛魚二,
34579,弧矢增廿六,
34622,闕丘增五,
34693,五諸侯二/五諸侯增六,
34722,天樽增三,
34724,闕丘二,
34752,座旗增六,
34769,闕丘增三,
34798,弧矢增五,
34819,天樽增五,
34858,井宿增十六,
34904,闕丘增二,
34909,井宿增十七,
34981,弧矢增四,
35025,天樽增四,
35037,弧矢增三,
35080,闕丘增一,
35146,內階增二,
35228,飛魚五,
35264,弧矢九,
35341,座旗增七,
35350,井宿八,
35412,弧矢增七,
35415,弧矢增六,
35488,,Bernes 135
35550,天樽二,Wasat
35699,天樽增七,
35710,積水,
35731,座旗增十一,
35785,內階增一,
35846,天樽一,
35904,弧矢二,Aludra
35907,座旗增八,
35941,五諸侯增一,
35987,水位增一,
36041,南河一,
36046,五諸侯三,
36145,座旗增九,
36156,天樽增八,
36188,南河二,Gomeisa
36208,,Luyten's Star
36238,天樽增九,
36265,南河增二,
36284,南河增一,
36366,北河一,
36377,弧矢增廿四,
36393,五諸侯增二/五諸侯增四,
36425,水位一,
36429,五諸侯增三/五諸侯增五,
36439,座旗增十,
36547,六甲四,
36631,水位增十二,
36641,南河增五,
36723,南河增四,
36760,水位增二,
36787,弧矢增廿八,
36812,南河增三,
36848,弧矢增廿七,
36850,北河二,Castor
36962,五諸侯四,
36982,小斗九,
37088,闕丘增六,
37204,北河增一,
37229,弧矢六,
37265,北河增二,
37279,南河三,Procyon
37297,弧矢增廿,
37300,水位增三,
37391,勾陳增四,
37447,闕丘增七,
37504,飛魚六,
37561,南河增十一▅,
37590,弧矢增十八,
37609,內階增三,
37629,北河增四,
37677,弧矢增十九,
37704,積薪增一,
37740,積薪,
37819,弧矢三,
37826,北河三,Pollux
37843,弧矢增八,
37891,弧矢增九,
37908,水位增四,
37915,弧矢增卅,
37921,水位二,
37951,弧矢增廿九,
38016,北河增三,
38048,弧矢增十,
38070,弧矢五,
38106,積薪增二,
38170,弧矢增十七,
38196,水位增十*,
38211,弧矢增十二,
38373,南河增六,
38414,弧矢增廿三,
38427,弧矢增十一,
38455,弧矢增廿一,
38495,積薪增三,
38538,五諸侯五,
38623,上台增三,
38639,上台增二,
38722,水位增五,
38827,天社增一,
38835,弧矢增十五,
38848,水位增九,
38901,弧矢四,
38962,南河增七,
39023,弧矢增十六▂/弧矢增卅一▂,
39079,南河增十,
39177,水位增七,
39191,爟增二,
39211,南河增九,
39236,水位增八,
39263,爟增一,
39311,南河增八,
39424,爟增三,
39429,弧矢增廿二,Naos
39524,弧矢增十四,
39538,六甲三,
39567,水位三,
39757,弧矢增卅二,
39780,水位增六,
39847,上台增一,
39863,外廚增一,
39874,水位增十一,
39888,爟增四,
39906,弧矢增十三,
39953,天社一,Regor
40007,爟增五,
40023,爟一,
40035,外廚增十四,
40084,外廚增十六,
40167,水位四,Tegmine
40205,外廚增十五▂,
40240,爟四,
40259,外廚增十三,
40505,外廚增十二*,
40526,柳宿增十,
40604,外廚增十一,
40617,柳宿增十一,
40646,內階增五,
40702,小斗增一,
40817,飛魚四,
40843,爟增六,
40875,內階增四,
40881,爟二,
40888,小斗八,
41037,海石一,Avior
41067,外廚增十七,
41075,上台增四,
41117,鬼宿增二,
41163,柳宿增九,
41211,外廚增二,
41307,外廚增三,
41312,飛魚三,
41319,鬼宿增三/鬼宿增十九,
41375,外廚一,
41377,爟三/爟增七,
41389,爟增九,
41400,鬼宿增五,
41404,爟增八,
41574,爟增十,
41578,鬼宿增四,
41704,內階一,Muscida
41816,爟增十一,
41822,鬼宿一,
41904,柳宿增八,
41909,鬼宿二,
42080,內階增八,
42090,軒轅增八,
42119,外廚六*,
42133,鬼宿增一,
42146,外廚增四,
42265,柳宿增七,
42312,天狗一,
42313,柳宿一,
42353,柳宿增六,
42402,柳宿二,
42438,內階增九,
42472,軒轅增十,
42503,軒轅增九,
42509,外廚增八,
42515,天狗四,
42516,積屍增一,
42527,內階增七,
42556,積屍增三,
42570,天社二,
42578,積屍增二,
42662,外廚增十,
42795,鬼宿增六,
42799,柳宿三,
42806,鬼宿三,Asellus Borealis
42811,外廚五*,
42828,天狗五,
42829,天社增四*,
42835,外廚二/外廚增五▂,
42884,天狗二,
42911,鬼宿四,Asellus Australis
42913,天社三,
42917,柳宿增五,
42931,柳宿增一,
42954,軒轅增十一,
43012,小斗七,
43023,天社增二,
43067,外廚增九,
43103,軒轅增廿二,
43109,柳宿五,
43121,鬼宿增七,
43234,柳宿四,
43305,外廚三,
43409,天狗六,
43454,鬼宿增八,
43463,鬼宿增九,
43488,外廚四*,
43496,外廚增六,
43531,上台增五,
43575,軒轅增廿一,
43584,軒轅增七,
43587,軒轅增十九/軒轅增廿,
43622,天狗三*,
43644,內階五,
43721,軒轅增十二,
43783,海石增二,
43813,柳宿六,
43822,外廚增七,
43825,天狗七,
43834,軒轅增十八,
43841,內階增六*,
43851,柳宿增四/柳宿增十二▂,
43903,內階三,
43932,軒轅增六,
43970,鬼宿增十,
44001,鬼宿增十一,
44031,軒轅增十三,
44066,柳宿增三/柳宿增十三▂,Acubens
44098,天社增五*,
44127,三台一 上台一,Talitha
44152,天社四*,
44154,軒轅增五,
44248,軒轅一,
44307,軒轅增四,
44336,鬼宿增十二,
44342,軒轅增十七,
44382,飛魚一,
44390,三師一,
44405,軒轅增廿三,
44471,三台二 上台二,
44511,天社增三,
44512,軒轅增十六,
44637,鬼宿增十三,
44659,柳宿七,
44700,軒轅二,
44723,鬼宿增十八*,
44798,柳宿增二,
44816,天記,Suhail
44818,軒轅增十四,
44838,鬼宿增十七*,
44857,三師三,
44883,星宿增四,
44892,軒轅增十五,
44901,文昌五,
44918,鬼宿增十四,
44946,軒轅增廿四,
44961,星宿增三,
45033,軒轅增五八,
45038,三師增一,
45075,內階增十,
45080,海石增一,
45101,海石增三,
45184,星宿增五,
45238,南船五,Miaplacidus
45290,上台增六,
45333,內階二,
45336,柳宿八,
45410,鬼宿增十六,
45412,軒轅增三,
45455,內階六,
45493,文昌六,
45526,星宿增二,
45527,星宿增六,
45556,海石二,Aspidiske
45688,軒轅三,
45699,鬼宿增十五,
45751,星宿六,
45811,星宿五,
45836,文昌增五,
45860,軒轅四,
45941,天社五,
45974,文昌增六,
46058,軒轅增廿五,
46107,小斗六,
46146,軒轅七,
46221,星宿增七,
46239,文昌增三,
46365,星宿增一,
46390,星宿一,Alphard
46454,酒旗三,
46457,酒旗增五,
46471,上台增七,
46509,星宿二,
46651,天記增一,
46652,軒轅增二,
46701,天社六,
46733,內階四,
46735,軒轅增一,
46744,星宿七,
46750,軒轅八,Alterf
46771,酒旗二,
46774,酒旗增四,
46776,星宿三,
46853,文昌四,
46904,內平增五,
46928,小斗五,
46952,內平增六,
46974,海石三,
46977,紫微右垣四 少輔,
46982,星宿增八,
47006,文昌增四,
47080,內平增七,
47096,酒旗增二,
47189,酒旗增一,
47193,四輔增一,
47205,軒轅增四五,
47247,軒轅增廿六,
47249,星宿增十五,
47266,酒旗增三,
47300,內平增四,
47310,軒轅增四六,
47427,星宿增十三,
47431,星宿四,
47436,內平增八,
47442,星宿增十四*,
47452,張宿五,
47508,軒轅十五/軒轅增五九,Subra
47550,軒轅增廿七,
47570,內平增三,
47617,軒轅五,
47631,內平三,
47654,少輔增一,
47701,軒轅六,
47723,酒旗一,
47854,海石四,
47908,軒轅九,
47911,文昌增一,
47959,軒轅增四四,
47965,文昌增二,
48002,海石五,
48034,文昌一*,
48087,星宿增十,
48218,軒轅增廿九,
48256,內平增二,
48273,軒轅增四八,
48286,星宿增十一,
48319,文昌二,
48324,軒轅增四三,
48341,星宿增九,
48356,張宿一,
48390,軒轅增廿八,
48402,文昌三,
48414,軒轅增四七,
48428,內平增一,
48437,星宿增十二,
48455,軒轅十,Rasalas
48552,軒轅增四九,
48682,文昌增七,
48734,軒轅增四十,
48742,內平四,
48833,中台增二,
48876,軒轅增卅九,
48883,軒轅增四二,
48954,文昌增八*,
48988,軒轅增四一*,
48990,軒轅增五十,
48991,中台增一*,
49029,軒轅增卅八,
49081,內平增九,
49193,三師二*,
49321,張宿四,
49329,軒轅增五一,
49402,張宿增一,
49530,軒轅增五二,
49583,軒轅十三,
49593,內平二,
49637,軒轅十七 禦女,
49669,軒轅十四,Regulus
49809,張宿增五,
49812,天相一,
49841,張宿二,
49850,軒轅增卅四,
49865,天相增一,
49929,軒轅增卅七,
49961,天相二*,
50027,軒轅增五三▅/軒轅增五四,
50099,南船四,
50100,天相增三,
50140,天相增二,
50191,天記增二,
50218,內平一,
50303,內平增十,
50316,內平增十一,
50319,軒轅增卅,
50333,軒轅增卅六,
50335,軒轅十一,Adhafera
50371,南船一,
50372,三台三 中台一,Tania Borealis
50384,軒轅增卅一,
50414,天相三,
50448,天樞增一,
50482,四輔一*,
50485,中台增四,
50564,軒轅增卅二▅/軒轅增卅三,
50583,軒轅十二,Algieba
50684,長垣增四,
50687,中台增三,
50755,軒轅增卅五,
50801,三台四 中台二,Tania Australis
50851,軒轅增五五,
50857,勢增六,
50860,勢增七/勢增十七,
50885,天相增四,
50887,天相增八,
50935,勢增八/勢增十八,
50954,南船增一,
51008,軒轅增五六,
51047,勢增五,
51056,勢增九/勢增十九,
51069,張宿三,
51117,天相增九,
51135,天相增五,
51213,軒轅增五七,
51232,海山一,
51233,勢增四,
51362,天相增六,
51384,四輔二,
51401,天樞增二,
51409,天相增七*,
51420,勢增三,
51437,天相增十,
51451,長垣增五,
51459,天璿增一,
51502,四輔三,
51556,勢二,
51576,南船二,
51585,長垣一,
51592,長垣增三,
51614,張宿增二,
51624,軒轅十六,
51685,勢一,
51718,張宿增四,
51734,陰德二,
51775,長垣四,
51802,長垣增二,
51808,陰德一▂/陰德增一,
51814,天璿增二,
51839,小斗三,
51905,張宿增三,
51914,勢增一,
51986,海山增一,
52032,勢增十,
52085,張宿六,
52098,勢增十一,
52120,長垣增一,
52139,勢增二,
52240,少微增一,
52316,天相增十一,
52353,天樞增三,
52401,長垣增六,
52419,南船三,
52422,少微增二,
52452,長垣增七,
52457,少微三,
52478,天璿增五,
52558,海山二▂,
52584,靈台增二,
52633,小斗四,
52638,勢三,
52650,天璿增六,
52660,長垣增八,
52685,天璿增四,
52686,少微四,
52689,長垣二,
52727,海山增二,
52737,翼宿增三,
52763,長垣增九,
52882,勢增十四,
52884,翼宿增二,
52911,長垣三,
52913,天相增十二,
52943,翼宿五,
52959,勢增十五▂/勢增十六,
52980,翼宿增一,
53037,翼宿增四,
53043,天璿增七,
53064,天璿增三,
53229,勢四,
53252,翼宿增五,
53261,天璿增八,
53295,天牢一,
53355,少微增三,
53377,勢增十二,
53417,少微二/少微增九,
53423,靈台增三,
53426,勢增十三,
53439,少微增八,
53449,靈台增一,
53460,靈台增四,
53492,少微增四,
53721,天牢三,
53740,翼宿一,Alkes
53807,靈台三,
53824,靈台二,
53838,天牢五,
53907,靈台增五,
53910,北斗二 天璿,Merak
53954,西上相增一,
53963,翼宿增六,
53975,翼宿十二,
54049,靈台增七,
54061,北斗一 天樞,Dubhe
54082,海山三*★,
54182,靈台一,
54196,少微增五,
54204,翼宿廿,
54336,靈台增八,
54347,少微一,
54388,少微增七,
54477,翼宿增七,
54487,少微增六,
54515,靈台增六,
54523,翼宿十一*,
54539,太尊,
54682,翼宿十六,
54849,明堂增五,
54872,太微右垣五 西上相,Zosma
54879,太微右垣四 西次相,Chertan
54899,西次相增一*,
54951,虎賁,
55016,西次相增三,
55060,天理一,
55084,明堂增六,
55112,翼宿十九*,
55137,明堂增四,
55203,三台六 下台二,Alula Australis
55219,三台五 下台一,Alula Borealis
55266,天牢增二,
55282,翼宿七,
55434,太微右垣二 西上將,
55560,天牢六,
55598,翼宿四,
55642,太微右垣三 西次將,
55650,明堂增三,
55687,翼宿十,
55705,翼宿二,
55765,西次相增二,
55788,翼宿十八*,
55791,明堂增二,
55797,天理二,
55874,翼宿九,
55945,明堂一,
56034,天牢二,
56035,天理增一,
56080,五帝座增二,
56127,明堂三/明堂增七▂,
56146,西上相增二,
56148,天牢四,
56161,翼宿十七*,
56179,翼宿十五*,
56211,紫微右垣三 上輔,Giausar
56242,五帝座增三,
56280,青丘三,
56332,青丘四,
56343,青丘五,
56445,明堂增一,
56452,青丘六,
56473,五帝座增一,
56519,海山四*,
56561,海山五,
56583,上輔增一,
56623,青丘增三,
56633,翼宿十三,
56647,明堂二,
56657,青丘增二,
56770,天牢增一,
56779,內屏增一,
56789,太陽守增一,
56802,翼宿八,
56922,青丘七,
56975,從官,
56997,下台增一,
57007,五帝座三*,
57029,下台增二,
57047,青丘增一,
57072,翼宿廿一*,
57111,上輔增二,
57283,翼宿三,
57320,五帝座增四,
57328,內屏一,
57363,海山六,
57380,內屏二,
57399,太陽守,
57562,內屏增二,
57565,太子,
57587,翼宿十四,
57632,五帝座一,Denebola
57646,五帝座二,
57757,太微右垣一 右執法,Zavijava
57779,五帝座五,
57822,翼宿廿二*,
57936,青丘一,
58001,北斗三 天璣,Phad
58110,內屏增三,
58158,青丘二,
58159,五帝座四,
58181,天理三,
58188,翼宿六,
58259,天理四,
58484,小斗二,
58510,內屏增六,
58519,幸臣,
58587,軫宿增三,
58590,內屏三,
58684,常陳七,
58858,郎位十五,
58948,內屏四,
59196,馬尾三,
59199,右轄,Alchiba
59285,謁者增一,
59309,內屏增五,
59316,軫宿二,
59352,五諸侯增七,
59394,軫宿增四,
59449,馬尾二,
59468,郎位增三,
59501,郎位十四,
59504,大理一,
59566,四輔四*,
59608,內屏增四,
59708,相增一,
59747,十字架四,
59774,北斗四 天權,Megrez
59803,軫宿一,Gienah
59819,五諸侯五,
59831,常陳六,
59847,郎位十,
60000,小斗一,
60030,左執法增一,
60044,大理增一,
60088,軫宿增二,
60098,郎位增二,
60122,相增二,
60123,郎位增一,
60129,太微左垣一 左執法,Zaniah
60172,謁者,
60189,長沙,
60202,五諸侯增六,
60212,天權增二,
60351,郎位七,
60353,謁者增二,
60425,軫宿增五,
60467,常陳增一,
60485,相,
60514,郎位六,
60517,庫樓九,
60646,常陳五,
60697,郎位三,
60710,馬尾一,
60716,大理二*,
60718,十字架二,Acrux
60742,郎位一,
60746,郎位四,
60795,天權增三,
60823,庫樓十,
60904,郎位五,
60918,五諸侯四*,
60941,郎位九,
60957,郎位十三,
60965,軫宿三,Algorab
60978,天權增一,
60998,少尉增二,
61071,郎位八,
61084,十字架一,Gacrux
61118,郎位二*,
61174,左轄,
61246,九卿增八/九卿增九▅,
61281,紫微右垣二 少尉,
61317,常陳四,Chara
61318,軫宿增一,
61359,軫宿四,
61384,少尉增一,
61394,郎位十一,
61415,五諸侯增五,
61558,進賢增九,
61571,五諸侯增四,
61579,九卿三▅/九卿增七▅,
61585,蜜蜂三,
61622,庫樓八,
61624,三公一*,
61692,常陳三,
61724,郎位十二,
61740,進賢增八,
61932,庫樓七,
61936,內廚增二,
61937,九卿增五,
61941,太微左垣二 東上相,Porrima
61960,九卿一,
61968,三公二,
61969,進賢增七,
62098,蜜蜂二*,
62207,常陳二,
62267,九卿二,
62322,蜜蜂一,
62325,九卿增六,
62356,五諸侯三,
62394,九卿增四,
62423,內廚一,
62434,十字架三,Mimosa
62443,三公三,
62478,九卿增三,
62516,相增三,
62541,九卿增一/九卿增二,
62572,北極五 天樞 紐星,
62576,郎將增一,
62671,蜜蜂四*,
62757,東次相增一,
62763,郎將,
62844,進賢增六▅,
62857,郎將增二,
62875,進賢增一,
62886,五諸侯增二,
62933,東次將增一,
62956,北斗五 玉衡,Alioth
62985,進賢增五,
63063,東次將增二*,
63076,內廚二,
63090,太微左垣三 東次相,
63125,常陳一,Cor Caroli
63355,五諸侯二,
63414,進賢/進賢增二,
63432,內廚增一,
63462,周鼎二,
63494,進賢增三,
63533,五諸侯增三,
63608,太微左垣四 東次將,Vindemiatrix
63750,進賢增四,
63943,馬腹三*,
63945,庫樓六,
63948,五諸侯一,
63950,五諸侯增一,
64022,周鼎三,
64078,角宿增十五,
64166,平增一,
64212,常陳增七,
64217,常陳增五,
64224,角宿增十四,
64238,平道一,
64241,太微左垣五 東上將,
64244,常陳增四,
64246,常陳增六,
64355,常陳增二,
64394,周鼎一,
64407,天門一,
64520,天門增三,
64577,天門增二,
64625,角宿增十二/角宿增十三▅,
64725,天門增一,
64792,東次將增三,
64804,柱十*,
64834,角宿增十一,
64844,常陳增三,
64852,天田增一,
64906,三公三,
64924,天門增四,
64962,平一,
65074,角宿增十,
65109,柱十一,
65241,天田增二,
65301,天門增五,
65323,角宿增一,
65367,馬腹二*,
65378,北斗六 開陽,Mizar
65420,角宿增十六,
65435,太乙*,
65474,角宿一,Spica
65477,開陽增一,Alcor
65519,庫樓增一★,
65581,角宿增九,
65639,天門二,
65721,東上將增一,
65790,東上將增二,
65892,角宿增二,
65936,庫樓五,
66006,角宿增三,
66015,天門增十一,
66091,天門增六,
66098,角宿增八,
66198,輔,
66200,天田一,
66228,三公一*,
66234,三公二,
66249,角宿二,
66320,角宿增四,
66465,角宿增五,
66610,東上將增三,
66634,開陽增二,
66640,東上將增四,
66657,南門一,
66727,右攝提增三,
66738,輔增一,
66763,右攝提增二,
66803,平道二,
66936,天田增三,
66992,右攝提增四,
67057,天門增七,
67139,天門增八,
67153,柱九,
67172,角宿增七,
67231,輔增二,
67239,帝席增一,
67275,右攝提二/右攝提增五▂,
67288,天門增十,
67301,北斗七 搖光,Alkaid
67355,角宿增六,
67457,庫樓四,
67459,右攝提三,
67464,衡一,
67472,衡二,
67480,右攝提增一,
67494,天門增九,
67627,天乙,
67669,柱八,
67786,柱七,
67787,右攝提增六,
67848,輔增三,
67927,右攝提一,Muphrid
67929,天田增六,
68002,庫樓一,
68092,天田增四▅/天田增五,
68103,帝席三,
68245,衡三,
68269,平增二/平增四,
68282,柱二,
68390,平增三,
68478,帝席二,
68520,天田二/天田增七,
68523,柱一,
68702,馬腹一,Hadar
68756,紫微右垣一 右樞,Thuban
68862,衡四,
68888,亢宿增一,
68895,平二,
68933,庫樓三,Menkent
68940,亢宿增二,
68956,庶子增二,
69068,天槍增一,
69112,北極四 後宮,
69127,亢宿增三,
69226,帝席一,
69260,亢池二,
69373,天床一,
69403,亢宿增四,
69415,折威一▅/折威增一,
69427,亢宿一,
69481,天槍一,
69536,亢池三,
69673,大角,Arcturus
69701,亢宿二,Syrma
69713,天槍二,
69732,玄戈,
69754,南門增一,
69896,異雀七,
69969,大角增二▅,
69974,亢宿四,
69989,亢池四,
69996,柱三,
70012,亢宿增十二,
70027,亢池一,
70090,柱六,
70220,亢宿增十一,
70248,異雀九,
70300,柱五,
70306,折威增二,
70497,天槍三,
70574,柱四,
70602,大角增一,
70638,異雀五,
70680,亢宿增六,
70692,北極三 庶子,
70755,亢宿三,
70791,天槍增二,
70794,亢宿增五,
70890,,Proxima
71053,梗河三,
71075,招搖,Seginus
71121,車騎三,
71284,梗河二,
71304,折威二*,
71352,庫樓二,
71536,車騎二,
71618,玄戈增一,
71652,折威三,
71683,南門二,Rigil Kent
71762,左攝提二,
71795,左攝提三,
71832,左攝提增三,
71837,左攝提增二,
71860,騎官十,
71865,陽門一,
71908,南門增二,
71957,亢宿增七,
71974,折威四/折威五,
71995,梗河增五,
72010,陽門二,
72105,梗河一,Izar
72125,左攝提一,
72154,亢宿增九,
72181,天床六,
72194,氐宿增六,
72197,折威增三,
72220,亢宿增十,
72307,庶子增一*,
72323,折威增四,
72357,折威增五,
72370,異雀八,
72378,折威增七,
72487,玄戈增二,Merga
72489,氐宿增五,
72524,天槍增三,
72571,陣車一/陣車增一,
72603,氐宿增七,
72607,北極二 帝,Kocab
72622,氐宿一,Zubenelgenubi
72631,亢宿增八,
72659,左攝提增一,
72683,騎官九,
72702,氐宿增八,
72848,左攝提增四,
72929,折威六,
72934,氐宿增四,
73133,氐宿增三,
73165,氐宿增廿九,
73189,折威增六,
73199,天床五,
73249,氐宿增卅,
73273,騎官四,
73284,陣車增二,
73310,氐宿增二,
73334,騎官三,
73369,七公增六,
73440,天床增一,
73473,氐宿增一,
73536,氐宿增廿八,
73555,七公增五,Nekkar
73566,陣車二,
73568,梗河增四,
73620,氐宿增廿七,
73695,天槍增四,
73714,折威七,
73745,梗河增一,
73807,騎官八,
73808,庶子增三,
73945,氐宿增十,
73953,氐宿增九,
73996,梗河增三,
74087,梗河增二,
74117,騎官五,
74376,騎陣將軍,
74392,氐宿二,
74395,車騎一,
74493,氐宿增十一,
74596,貫索增一,
74600,氐宿增十二,
74604,頓頑二,
74605,天床二,
74649,蜀增二,
74666,七公七,
74689,氐宿增廿六,
74785,氐宿四,Zubeneschamali
74793,天床增二,
74857,陣車三,
74911,騎官七,
74946,三角形一,
74975,氐宿增廿四,
75049,貫索增二,
75097,北極一 太子,Pherkad
75110,氐宿增十三,
75118,氐宿增十七,
75119,氐宿增廿五,
75141,騎官二,
75177,頓頑一,
75264,騎官六,
75294,氐宿增十八,
75304,頓頑增一,
75312,貫索增三,
75379,氐宿增廿,
75411,七公六,Alkalurops
75458,紫微左垣一 左樞,Edasich
75530,周增一,
75695,貫索三,Nusakan
75730,氐宿增十六,
75761,氐宿增廿三,
75944,氐宿增十五,
75973,七公五,
76008,勾陳增七,
76013,三角形增三,
76041,七公增九,
76126,氐宿增十四,
76127,貫索二,
76133,氐宿增廿一,
76219,氐宿增十九,
76259,天輻增一,
76267,貫索四,Alphekka
76276,天市右垣六 秦,
76297,騎官一,
76307,七公增八,
76319,秦增一*,
76333,氐宿三,
76337,周增五,
76423,周增二,
76424,周增三,
76425,秦增二,
76427,氐宿增廿二,
76440,三角形增二,
76470,天輻一,
76534,七公增十,
76600,天輻二,
76628,日增一,
76669,七公增七,
76705,從官增一,
76742,房宿增三,
76750,三角形增四,
76810,周增四,
76852,周增七,
76866,周增十四,
76878,周增六,
76880,日,
76945,從官一,
76952,貫索五,
77048,貫索一,
77052,巴增一,
77055,勾陳四,
77060,西鹹四,
77070,天市右垣七 蜀,Unukalhai
77111,周增九,
77118,周增十*,
77163,蜀增三,
77227,天乳增一,
77233,天市右垣五 周,
77249,周增十一,
77257,蜀增一,
77277,天床三,
77336,周增十二/周增十五,
77412,周增十六,
77450,周增八,
77464,天乳增三/天乳增四,
77512,貫索六,
77516,天乳,
77578,巴增二,
77622,天市右垣八 巴,
77634,從官二,
77635,房宿增四,
77655,貫索增四,
77660,天乳增二/巴增五,
77661,貫索增十三,
77760,七公四,
77801,周增十三,
77811,房宿增一/房宿增二,
77840,房宿增五,
77853,西鹹三,
77907,七公增十二,
77952,三角形二,
77984,房宿增六,
77986,七公增十一,
78012,貫索增五,
78072,天市右垣四 鄭,
78104,房宿二,
78159,貫索七,
78207,西鹹二,
78265,房宿一,
78384,積卒二/積卒增一,
78400,罰三,
78401,房宿三,Dschubba
78436,西鹹增一,
78442,巴增三,
78459,貫索九,
78481,晉增一,
78493,貫索八,
78527,紫微左垣二 上宰,
78554,貫索增十二,
78592,七公增四,
78633,西鹹增二*,
78685,巴增四,
78727,西鹹一,
78820,房宿四,Acrab
78918,積卒一,
78933,鉤鈐一,
78970,積卒增二,
78990,鉤鈐二,
79005,罰二,
79007,斗增四,
79043,天市右垣三 晉,Marsic
79045,晉增五,
79047,斗增三,
79072,斗增五,
79101,七公三,
79102,晉增二/晉增四,
79119,貫索增六,
79248,七公增十三,
79280,勾陳增八,
79332,晉增三,
79349,貫索增十一,
79374,鍵閉,
79375,罰增二,
79387,罰增一,
79399,心宿增一,
79404,心宿增二,
79420,勾陳增十,
79488,斗增七,
79492,斗二,
79540,罰增三,
79593,天市右垣九 梁,Yed Prior
79600,天床四*,
79607,貫索增七,
79608,斗增六,
79634,斗三,
79664,三角形增一,
79666,河間增一,
79672,罰一,
79704,斗增二,
79724,貫索增十,
79757,貫索增八,
79822,勾陳增九,
79882,天市右垣十 楚,Yed Posterior
79889,貫索增九,
79992,七公二,
80047,異雀六,
80079,心宿增三,
80112,心宿一,Al Niyat
80154,尚書四*,
80170,天市右垣二 河間,
80179,列肆一,
80181,天紀一,
80214,天紀增三,
80247,天紀增四,
80331,紫微左垣三 少宰,
80343,東鹹三,
80351,斗增九,
80380,斗增八*,
80460,天紀增二,
80463,斗一/斗增一,Cujam
80473,心宿增四/心宿增九▅,
80569,東鹹二,
80628,車肆一,
80648,天紀增五,
80650,尚書二,
80704,七公增十四,
80763,心宿二 大火,Antares
80809,七公增三,
80815,心宿增五,
80816,天市右垣一 河中,Kornephoros
80883,列肆二,Marfik
80894,東鹹一,
80975,東鹹四/東鹹增二▅,
81007,斗增十/斗增十一,
81008,斗四,
81065,異雀四,
81066,天紀增六,
81126,七公增十五,
81266,心宿三,
81290,七公增二,
81292,七公增一,
81300,列肆增四,
81354,斗五,
81377,天市右垣十一 韓,
81497,七公一,
81634,斛增五,
81641,斛增六,
81660,尚書三,
81693,天紀二,
81717,斛增四,
81724,東鹹增一,
81729,天紀增七,
81734,列肆增三,
81833,天紀增一,
81852,異雀三,
81991,斛增二,
82000,天紀增八,
82007,心宿增六,
82037,列肆增二,
82073,斛四/斛增一,
82080,勾陳三,
82140,心宿增八,
82216,斛增三,
82245,心宿增七,
82273,三角形三,Atria
82321,七公增十六,
82324,天紀增十,
82363,龜四,
82369,車肆二,
82396,尾宿二,
82402,斛三,
82415,天紀增十二*,
82422,天紀增九,
82449,斛增七*,
82480,列肆增一,
82504,魏增一,
82514,尾宿一,
82526,宦者增三,
82545,尾宿增二,
82587,天紀增十一,
82671,尾宿三,
82673,斛一,
82730,車肆增一,
82780,魏增二,
82802,宦者增一/宦者增二,
82860,尚書五,
82898,尚書增二,
82960,尾宿增一,
82987,魏增三,
83000,斛二,
83081,龜五,
83126,宋增一★,
83153,龜一,
83196,天江增九,
83207,天紀三,
83262,車肆增二,
83313,天紀四,
83331,宋增二,
83430,宦者一,
83462,天紀五,
83478,宦者二,
83504,宦者增四,
83508,天江增十,
83566,天江增十一,
83608,天棓增九,Alrakis
83613,宦者三,
83684,天江增八,
83830,魏增四,
83876,魏增五,
83895,紫微左垣四 上弼,
84012,天市左垣十一 宋,Sabik
84143,尾宿四,
84177,宦者四,
84314,天江一,
84345,帝座,Rasalgethi
84379,天市左垣一 魏,
84380,女床一,
84405,天江二,
84478,天江增三,
84514,宗正增三,
84535,勾陳增五,
84573,天紀六,
84605,天江增二,
84606,女床二,
84626,天江增六,
84671,宦者增五,
84835,天棓增七,
84843,候增六*,
84862,天紀增十三,
84880,市樓四/市樓增一▂,
84887,魏增六/魏增七,
84893,天江增七,
84947,天江增四,
84969,異雀一,
84970,天江三,
84979,異雀二,
85000,候增二*,
85084,天江增一,
85112,女床三,
85129,候增一*,
85157,魏增八,
85181,天紀增十五,
85242,天江增五,
85258,杵三,
85267,龜二,
85340,天江四,
85355,宗正增二,
85379,天棓增八,
85397,市樓五,
85423,糠,
85442,糠增一,
85670,天棓三,Rastaban
85693,天市左垣二 趙,Maasym
85696,尾宿九,Lesath
85699,勾陳增六,
85703,天籥增一,
85727,龜三,
85755,天籥六,
85783,天籥七,
85790,趙增一,
85792,杵二,
85805,尚書一,
85819,天棓增一/天棓增六█,
85822,勾陳二,Yildun
85829,天棓二/天棓增五█,
85852,禦女三,
85927,尾宿八,Shaula
85979,候增三,
85998,候增五,
86032,候,Rasalhague
86036,天棓增十,
86041,候增四,
86060,天籥五,
86092,杵一,
86170,尾宿增三,
86178,天紀七,
86182,天棓增四,
86201,尚書增一,
86228,尾宿五,Girtab
86254,趙增二,
86263,天市左垣十 南海,
86284,市樓一,
86352,天籥四,
86414,天棓五,
86565,市樓二,
86614,女史增一,
86670,尾宿七,
86731,趙增三,
86736,天籥三,
86742,宗正一,Cebalrai
86768,市樓六,
86831,宗正增一,
86929,孔雀一,
86974,天市左垣三 九河,
87072,天籥八,
87073,尾宿六,
87099,天籥二*,
87108,宗正二,
87152,天紀八*,
87194,九河增一,
87212,天棓增二,
87234,天柱增六,
87261,傅說,
87280,天棓增三,
87472,尾宿增四,
87563,天紀增十四,
87585,天棓一,Grumium
87706,天籥一,
87728,女史,
87808,天紀九,
87833,天棓四,Etamin
87933,中山增一,
87937,,Barnard's Star
87998,中山增二,
88048,天市左垣九 燕,
88116,天籥增二,
88127,天柱五,
88128,帛度增三,
88136,天柱增五,
88142,天籥增三,
88149,宗人一,
88175,東海增一,
88192,宗人二,
88258,斗宿增一,
88267,帛度一,
88290,宗人三,
88331,帛度增一,
88346,屠肆增一,
88380,天籥增四,
88404,市樓三,
88601,宗人四,
88635,箕宿一,Alnasl
88657,屠肆二,
88714,杵增一,
88745,中山增三,
88765,宗人增二,
88771,宗人增一,
88794,天市左垣四 中山,
88817,中山增七,
88866,孔雀二,
88886,帛度二,
88899,帛度增二,
88964,宗人增三,
89172,中山增四,
89341,斗宿三,
89348,扶筐增一,
89439,斗宿增二/斗宿增五,
89448,柱史增二,
89594,柱史增一,
89642,箕宿四,
89773,屠肆增二,
89826,織女增四,
89861,屠肆增三,
89908,柱史,
89918,宗人增四,
89925,中山增五,
89931,箕宿二,Kaus Media
89935,中山增六,
89937,禦女四,
89962,天市左垣八 東海,
90098,孔雀增二,
90139,屠肆一,
90156,扶筐三,
90185,箕宿三,Kaus Australis
90191,織女增三,
90289,斗宿增三,
90344,扶筐增二,
90422,鱉一,
90441,東海增二,
90496,斗宿二,Kaus Borealis
90642,東海增四,
90797,孔雀三,
90844,東海增三,
90905,扶筐二,
90968,鱉十,
90982,鱉十一,
91117,天弁一,
91262,織女一,Vega
91689,斗宿增四,
91726,天弁二,
91755,扶筐一,
91792,孔雀八,
91845,天弁三,
91918,農丈人,
91919,織女二,
91926,織女增二,
91971,織女三,
91973,織女增一,
91975,徐增一,
92024,孔雀增一,
92041,斗宿一,
92043,宗一,
92112,禦女二,
92117,天弁增一,
92161,宗二,
92175,天弁四,
92308,鱉二,
92390,建增一,
92398,漸台增六,
92405,漸台增五,
92420,漸台二,Sheliak
92480,建增五,
92488,天弁增六,
92501,天弁增二,
92512,扶筐四,
92524,天弁增三,
92602,建增四,
92609,孔雀四,
92614,天市左垣五 齊,
92728,漸台增一,
92747,建增三,
92761,建增六,
92782,紫微左垣五 少弼,
92791,漸台一,
92818,齊增一,
92845,建增七,
92855,斗宿四,Nunki
92862,輦道一,
92872,徐增二,
92946,天市左垣七 徐,Alya
92989,鱉九,
92997,扶筐五,
93015,孔雀五,
93026,天弁五,
93051,徐增四,
93057,建增二,
93085,建一,
93163,孔雀增三,
93174,鱉八,
93179,吳越增二,
93194,漸台三,Sulafat
93203,吳越增三,
93244,吳越增一,
93279,漸台增四,
93340,扶筐六,
93408,輦道增一,
93429,天弁六,
93474,漸台增二*,
93506,斗宿六,Ascella
93526,天弁九,
93542,鱉三,
93683,建二,
93713,扶筐七,
93717,天弁八,
93747,天市左垣六 吳越,
93805,天弁七,
93825,鱉七,
93864,斗宿五,
93867,吳越增四,
93903,漸台四,
93917,漸台增三,
93975,齊增九,
94005,鱉四,
94068,徐增三,
94083,天柱四▂/天柱增一,
94114,鱉六,
94140,天廚增一,
94141,建三,
94160,鱉五,
94302,扶筐增四,
94376,天廚一,Altais
94382,齊增十,
94385,天弁增四,
94477,右旗增二,
94481,輦道二/輦道增二,
94484,漸台增七,
94490,扶筐增三,
94620,齊增二,
94643,狗增六,
94648,禦女一,
94703,齊增三,
94713,輦道三,
94727,右旗增一,
94779,奚仲一,
94820,建四,
94823,建增九,
94827,齊增四,
94834,吳越增五,
94859,建增十,
94982,吳越增六,
95066,天弁增五,
95073,右旗增三,
95081,天廚六,
95168,建五,
95176,建六,
95188,建增八,
95241,天淵二,Arkab
95260,齊增八,
95294,天淵一,
95347,天淵三,Rukbat
95372,輦道增八,
95398,左旗增三,
95435,左旗增二,
95447,吳越增七,
95477,狗二,
95486,狗增五,
95492,齊增七,
95498,左旗增四,
95501,右旗三,
95503,狗增四/狗增七,
95556,輦道四,
95560,左旗增五,
95564,狗增三,
95585,右旗四,
95656,奚仲增一,
95744,齊增六,
95771,齊增五,
95785,齊增十一,
95793,右旗增四,
95818,左旗增六,
95853,奚仲二,
95909,右旗增九*,
95937,右旗增七/右旗增八▂,
95947,輦道增七,Albireo
96052,輦道增九,
96081,齊增十二,
96100,天廚二,
96229,右旗一,
96275,左旗增七,
96295,,Campbell's Star
96327,右旗增十,
96387,輦道增三,
96392,右旗六,
96406,狗增一,
96441,奚仲三,
96465,狗一,
96468,右旗五/右旗增六▂,
96483,右旗八,
96516,左旗增一,
96556,右旗七,
96665,右旗二,
96683,輦道增六,
96693,天津增一,
96729,狗增二,
96757,左旗一,Sham
96807,右旗增五,
96808,天雞增一,
96837,左旗二,
96895,奚仲四,
96931,河鼓增二,
96950,天雞一,
96957,河鼓增三,
97077,左旗增八,
97118,輦道增四,
97139,河鼓增一,
97165,天津二,
97229,河鼓增九,
97278,河鼓三,Tarazed
97290,天雞二,
97295,輦道五,
97313,左旗增九★,
97365,左旗三,
97391,禦女增一*,
97433,天廚三,
97473,河鼓增四,
97496,左旗四,
97630,天津增二,
97635,奚仲增二,
97649,河鼓二,Altair
97650,右旗增十一,
97675,河鼓增五,
97679,左旗增十八,
97783,天雞增二,
97796,左旗增廿九,
97804,天桴四,
97870,奚仲增六/奚仲增七,
97886,左旗增十七,
97894,波斯一*,
97928,右旗九,
97938,河鼓增八,
97966,右旗增十二,
97980,天桴三,
98032,天淵增一,
98036,河鼓一,Alshain
98066,狗國一,
98068,天津增三,
98073,奚仲增五,
98085,左旗增廿八,
98103,河鼓增六,
98110,輦道增五,
98162,狗國四,
98234,左旗七,
98258,天雞增三,
98337,左旗五,
98353,狗國二,
98375,左旗增十九,
98401,天柱三,
98412,天淵增二,
98421,狗國增二,
98425,天津增四,
98438,左旗六,
98495,孔雀九,
98543,左旗增十,
98571,奚仲增三,
98583,天廚五,
98609,左旗增卅,
98633,牛宿增一,
98636,左旗增十六,
98658,天廚增二,
98688,狗國三,
98702,天廚四,
98754,左旗八,
98761,天淵增三,
98819,左旗增廿七,
98823,河鼓增七,
98842,狗國增一,
98844,天桴二,
98910,牛宿增三,
98920,左旗增廿六,
98953,牛宿增二,
98962,天鉤增一,
99031,天津增五,
99080,左旗增廿,
99171,天桴增一,
99240,孔雀六,
99255,天柱增二,
99303,天津增六,
99352,左旗增廿五,
99404,左旗增十三,
99461,狗國增三,
99473,天桴一,
99500,天鉤增二,
99518,左旗增十四,
99529,牛宿增四,
99531,左旗增十五,
99572,牛宿三,
99631,天桴增二,
99639,天津三,
99655,奚仲增四,
99675,天津增卅八,
99731,天鉤二,
99738,左旗增十一,
99742,左旗九,
99770,天津增七,
99825,牛宿增十,
99848,天津增卅七,
99853,左旗增廿三,
99874,左旗增十二,
99913,左旗增廿四,
99918,牛宿增五,
99951,左旗增廿一,
100027,牛宿增六,Algedi
100044,天津增九,
100062,牛宿增九,
100064,牛宿二,
100108,天津增八,
100122,天津增十四,
100195,牛宿增八,
100221,天鉤增三/天鉤增四▂,
100310,牛宿增七/牛宿增十一,
100325,牛宿增十二,
100345,牛宿一,Dabih
100435,左旗增廿二,
100453,天津一,Sadr
100587,天津增十五,
100751,孔雀十一,Peacock
100859,天津增卅六,
100881,牛宿四/牛宿增十三,
100907,天津增十,
100965,天柱增四,
100977,離珠增一,
101027,牛宿六,
101040,牛宿增十四,
101067,天津增十二,
101076,天津增十六,
101082,天柱增三,
101093,天鉤三,
101101,離珠四,
101123,牛宿五,
101138,天津增卅五,
101160,敗瓜增一,
101214,天津增十一,
101243,天津增卅四,
101260,紫微左垣六 上衛,
101421,敗瓜一,
101474,天津增十三,
101483,敗瓜二,
101589,瓠瓜五,
101641,天津增廿一,
101692,離珠一,
101716,天津增廿,
101751,羅堰增一,
101765,天津增十七,
101769,瓠瓜四,Rotanev
101772,波斯二,
101800,敗瓜四,
101847,離珠二,
101867,瓠瓜增五,
101868,天津增廿二,
101882,敗瓜三,
101909,瓠瓜增六,
101916,敗瓜五,
101923,羅堰一,
101936,離珠三,
101958,瓠瓜一,Sualocin
101984,羅堰二,
102066,天津增十八,
102080,瓠瓜增一,
102098,天津四,Deneb
102177,車府增一,
102208,天柱一,
102253,天鉤一,
102281,瓠瓜三,
102353,波斯九*,
102388,天津增廿三,
102395,孔雀七,
102422,天鉤四,
102431,螣蛇增一,
102453,天津增十九,
102485,天田四,
102487,羅堰三,
102488,天津九,Gienah
102532,瓠瓜二/瓠瓜增七,
102571,天津增卅九▂/天津增四十,
102589,天津增卅,
102618,女宿一,Albali
102624,女宿四,
102633,敗瓜增三,
102724,天津增卅三,
102805,瓠瓜增二,
102816,波斯十*,
102819,敗瓜增二,
102843,天津增卅一,
102945,女宿三,
102978,天田二,
103004,天津增廿四,
103005,女宿增一,
103045,女宿二,
103048,波斯十一*,
103089,天津增卅二,
103200,天津增廿五,
103226,越,
103227,孔雀增四,
103294,瓠瓜增四/瓠瓜增八,
103298,瓠瓜增三,
103340,波斯八*,
103401,女宿增五,
103413,天津五,
103440,九坎三*,
103511,人增一,
103527,司非增二,
103569,虛宿增四,
103616,鄭,
103632,車府五,
103640,天壘城九,
103681,女宿增三,
103682,女宿增二,
103703,周二,
103728,天壘城八,
103732,車府增二,
103738,離瑜增一,
103813,虛宿增一,
103981,女宿增四,
103998,波斯三*,
104019,周一,
104031,虛宿增三,
104043,蛇尾四,
104060,車府六,
104101,虛宿增二,
104105,天柱二,
104139,秦一,
104174,離瑜增二,
104194,車府增三,
104217,天津增廿九,
104234,天田三,
104252,天壘城增一*,
104365,齊,
104382,南極星,
104419,人增二*,
104429,趙一,
104452,趙二,
104459,天壘城十/天壘城增二,
104521,司非一,
104538,司非增一/司非增三,
104555,九坎二*,
104712,九坎四*,
104732,天津八,
104746,離瑜一*,
104750,天田一,
104858,司非二,
104887,天津六,
104963,楚,
104974,天壘城七,
104987,虛宿二,Kitalpha
105019,天壘城十一,
105054,螣蛇六*,
105102,天津增廿八,
105138,天津七,
105140,離瑜二,
105143,秦二,
105164,虛宿增五,
105199,天鉤五,Alderamin
105268,天鉤增五/天鉤增六,
105412,虛宿增六,
105413,司危二,
105434,九坎一*,
105502,人二,
105515,代一,
105570,司危一,
105574,天壘城十二,
105665,魏,
105668,天壘城六,
105729,虛宿增八,
105761,天壘城十三,
105767,虛宿增七,
105777,螣蛇五*,
105811,天津增廿六,
105858,孔雀十,
105881,燕,
105928,韓,
105942,天津增廿七,
105972,天鉤增七/天鉤增八,
106032,上衛增一,Alfirk
106039,晉,
106067,離瑜三,
106093,車府增四,
106140,人一,
106278,虛宿一,Sadalsuud
106340,離瑜增三,
106432,波斯四*,
106481,車府四,
106551,車府增八,
106559,代增一,
106568,代二,
106654,天錢增三,
106703,天錢增四,
106711,車府七,
106723,壘壁陣二,
106758,司命一,
106768,壘壁陣增八,
106783,危宿增一,
106786,天壘城一,
106787,人增三,
106801,天鉤增九/天鉤增十,
106856,危宿增二,
106886,螣蛇七,
106944,司祿二/司祿增二,
106985,壘壁陣三,Nashira
106999,車府增五,
107089,蛇尾三,
107095,哭增一,
107097,車府增七,
107119,上衛增二,
107128,代增二,
107136,螣蛇四,Azelfafage
107144,司命二,
107151,危宿增三,
107162,車府增六,
107188,壘壁陣一,
107230,上衛增三,
107232,哭增二,
107259,造父四,The Garnet Star
107302,哭增三,
107310,臼一,
107315,危宿三,Enif
107348,人四,
107354,臼二,
107380,天錢三,
107382,天壘城二,
107418,造父五/造父增五,
107463,波斯五*,
107472,人三,
107487,天壘城三,
107517,天壘城四,
107527,天壘城五,
107533,螣蛇三,
107556,壘壁陣四,Deneb Algedi
107575,司祿一/司祿增一,
107586,造父增四,
107608,天錢二,
107763,臼增一,
107788,人增四,
107975,臼增二,
107995,少衛增一,
108022,臼增三,
108036,哭一,
108085,敗臼一,
108127,危宿增十二,
108165,螣蛇八,
108339,危宿增十一/危宿增十三,
108482,波斯六*,
108535,少衛增二,
108571,天錢增二,
108612,危宿增七,
108626,波斯七*,
108661,天錢增一,
108691,危宿增四,
108693,危宿增十,
108699,危宿增八,
108766,危宿增十四,
108772,造父增一,
108797,羽林軍一,
108868,泣增一,
108874,蓋屋一,
108875,危宿增九,
108917,天鉤六,Kurhah
108925,造父增三,
108952,天錢一,
108991,蓋屋二,
109005,天鉤增十三/天鉤增十七,
109017,天鉤增十一/天鉤增十二/天鉤增十八,
109056,杵三,
109068,危宿增六,
109074,危宿一,Sadalmelik
109111,敗臼二,
109139,壘壁陣五,
109176,臼三,
109190,造父增二,
109240,臼增四,
109268,鶴一,Alnair
109276,臼增六,
109285,天錢四,
109332,羽林軍二,
109352,杵增一,
109369,泣增二,
109400,少衛增三,
109410,杵二,
109422,天錢五,
109427,危宿二,Biham
109434,少衛增四,
109458,臼增五,
109460,哭增四,
109472,哭二,
109492,造父二,
109546,臼增七*,
109556,造父三,
109693,天皇大帝,
109786,羽林軍三,
109789,羽林軍六,
109846,臼增八*,
109857,螣蛇九,
109908,鶴十二,
109937,杵一,
109973,鶴增一,
110003,泣二,Ancha
110023,虛梁一,
110078,蛇尾二,
110103,天鉤增十四,
110130,鳥喙一,
110179,羽林軍十八,
110273,泣一,
110298,危宿增五,
110351,車府三,
110371,臼四,
110386,土公吏一,
110391,羽林軍四,
110395,墳墓二,Sadachbia
110529,羽林軍五,
110538,螣蛇十,
110548,離宮增一,
110578,虛梁二,
110602,羽林軍十七,
110609,螣蛇二,
110641,羽林軍七,
110672,墳墓四,
110778,羽林軍十五,
110785,墳墓增一,
110786,壘壁陣增一,
110817,天鉤七,
110838,鳥喙二,
110882,墳墓增二,
110893,,Kruger 60
110936,鶴十,
110960,墳墓一,
110986,土公吏二,
110991,造父一,
110997,鶴增二,
111022,車府增十九,
111043,鶴十一,
111056,少衛增七,
111062,墳墓增三,
111068,杵增二,
111086,羽林軍十六,
111104,車府增九,
111123,壘壁陣六,
111169,螣蛇一,
111188,敗臼增一,
111200,羽林軍十九,
111278,離宮增二,
111394,墳墓增四,
111449,羽林軍十一,
111497,墳墓三,
111532,少衛增五/少衛增六,
111539,羽林軍十四,
111546,車府增十,
111674,螣蛇十五,
111710,虛梁三,Situla
111797,天鉤增十五/天鉤增十六,
111810,離宮增三,
111841,車府增十一,
111843,羽林軍廿,
111884,離宮增四,
111944,車府二,
111954,羽林軍八,
112029,雷電一,Homan
112031,車府增十二,
112051,離宮三,
112102,敗臼四,
112122,鶴二,
112158,離宮四,Matar
112161,羽林軍廿一,
112179,壘壁陣增二,
112203,鶴九,
112211,羽林軍十三,
112242,車府增十三,
112247,,Babcock's Star
112358,離宮增五,
112362,羽林軍十,
112374,鶴四,
112440,離宮一,
112447,雷電二,
112519,勾陳增一,
112529,羽林軍十二,
112542,羽林軍廿五,
112615,羽林軍廿二,
112623,鶴三,
112716,羽林軍廿四,
112724,天鉤八,
112748,離宮二,Sadalbari
112778,車府增十四,
112862,羽林軍九,
112917,車府一,
112935,雷電三,
112948,敗臼三,
112961,壘壁陣七,
113031,羽林軍廿三,
113116,勾陳六,
113127,壘壁陣增三,
113136,羽林軍廿六,Skat
113148,羽林軍廿七,
113186,雷電增二,
113246,天綱,
113281,車府增十五,
113345,虛梁四,
113357,室宿增一,
113368,北落師門,Fomalhaut
113503,雷電增一,
113521,霹靂增二,
113610,霹靂增一,
113638,鶴六,
113726,車府增十六/車府增廿,
113788,車府增十七,
113881,室宿二,Sheat
113889,霹靂一,
113919,螣蛇十六,
113963,室宿一,Markab
113996,羽林軍四二,
114054,羽林軍四一,
114104,螣蛇增十三,
114119,羽林軍卅,
114131,鶴八,
114144,雷電四,
114155,室宿增二,
114164,羽林軍四十,
114200,螣蛇增四,
114210,螣蛇增二,
114222,紫微左垣七 少衛,
114273,霹靂增三,
114341,羽林軍廿八,
114347,雷電增三,
114365,螣蛇增十五/螣蛇增十六,
114375,羽林軍廿九,
114389,雷電增五,
114421,鶴七,
114430,車府增十八,
114520,雷電增四,
114526,室宿增三,
114570,螣蛇十七,
114573,霹靂增九*,
114724,壘壁陣八,
114844,室宿增四,
114855,羽林軍卅九,
114939,羽林軍四三,
114971,霹靂二,
114996,鶴五,
115022,螣蛇十八,
115033,羽林軍卅八,
115065,螣蛇增七,
115088,天鉤九,
115115,羽林軍卅七,
115125,羽林軍卅六,
115152,螣蛇增三,
115171,螣蛇增十七,
115191,螣蛇增六,
115227,霹靂增四,
115250,離宮五,
115271,室宿增五,
115280,螣蛇增八,
115355,室宿增六,
115404,羽林軍卅五,
115407,離宮增六,
115438,羽林軍卅四,
115444,雷電五,
115481,雷電增六█,
115590,螣蛇增十四,
115591,室宿增七,
115623,離宮六,
115669,羽林軍卅三,
115738,雲雨一,
115746,勾陳增二,
115755,螣蛇增五,
115768,雲雨增四,
115806,離宮增八,
115830,霹靂三,
115919,雷電六,
115945,雲雨增一,
115951,雲雨二,
115990,螣蛇十四,
116076,螣蛇增九,
116118,羽林軍卅二,
116146,雲雨增三,
116231,火鳥一,
116247,羽林軍卅一,
116264,離宮增七,
116310,壁宿增二,
116323,雲雨增二,
116354,螣蛇增十,
116355,壁宿增一,
116389,火鳥二,
116422,雲雨增五,
116495,雲雨增六,
116584,螣蛇十九,
116602,火鳥三/火鳥增一,
116611,雷電增七,
116631,螣蛇廿二,
116687,王良增六,
116709,螣蛇增十二,
116727,少衛增八,Errai
116758,羽林軍四四,
116771,霹靂四,
116805,螣蛇廿一,
116889,鈇鉞一,
116901,鈇鉞增一▅/鈇鉞增三,
116928,雲雨四,
116962,王良增七,
116971,羽林軍四五,
116972,雷電增八,
117020,霹靂增五,
117073,壁宿增三,
117089,鈇鉞二,
117218,鈇鉞增二,
117221,螣蛇廿,
117245,雲雨增七,
117301,螣蛇十三,
117371,傳舍一,
117375,壘壁陣增四,
117447,王良增一,
117472,王良增八,
117491,雲雨三/雲雨增十,
117500,壁宿增四,
117628,霹靂增七,
117629,鈇鉞三,
117683,雲雨增八,
117710,壁宿增八,
117718,壁宿增九,
117730,霹靂增六,
117735,壁宿增七,
117761,壘壁陣增五,
117774,雲雨增九,
117863,螣蛇十二,
117927,霹靂增八,
118077,螣蛇增十八,
118092,鳥喙三,
118121,鳥喙增一,
118131,壁宿增六,
118178,八魁三,
118209,壘壁陣九,
118243,螣蛇十一,
118268,霹靂五,
118322,鳥喙七,
